X,Y,Type
-10.0687,76.8006,muon
-10.0687,76.8006,total
54.5516,-16.3384,muon
54.5516,-16.3384,total
-459.252,19.9921,muon
-459.252,19.9921,total
-387.179,-183.502,muon
-387.179,-183.502,total
90.01,18.2221,muon
90.01,18.2221,total
-204.143,37.5337,muon
-204.143,37.5337,total
-1312.03,-624.812,muon
-1312.03,-624.812,total
105.971,53.5845,muon
105.971,53.5845,total
695.148,56.0015,muon
695.148,56.0015,total
33.3004,-42.273,muon
33.3004,-42.273,total
282.024,-169.56,muon
282.024,-169.56,total
-907.575,21.9313,muon
-907.575,21.9313,total
-20.5812,-51.3529,muon
-20.5812,-51.3529,total
940.672,-421.894,muon
940.672,-421.894,total
124.127,501.048,muon
124.127,501.048,total
-166.065,-42.8545,muon
-166.065,-42.8545,total
620.873,-141.98,muon
620.873,-141.98,total
1426.02,394.365,muon
1426.02,394.365,total
454.959,439.908,muon
454.959,439.908,total
93.8873,472.843,muon
93.8873,472.843,total
-97.2408,-53.5704,muon
-97.2408,-53.5704,total
-98.0918,-97.4731,muon
-98.0918,-97.4731,total
1393.14,-723.947,muon
1393.14,-723.947,total
145.551,-69.9542,muon
145.551,-69.9542,total
50.3547,-122.82,muon
50.3547,-122.82,total
-579.985,465.842,muon
-579.985,465.842,total
185.709,-325.888,muon
185.709,-325.888,total
239.392,-105.845,muon
239.392,-105.845,total
-154.806,12.0215,muon
-154.806,12.0215,total
249.645,-184.473,muon
249.645,-184.473,total
11.1416,70.9649,muon
11.1416,70.9649,total
-280.594,29.7187,muon
-280.594,29.7187,total
-1583.2,1430.44,muon
-1583.2,1430.44,total
337.083,196.879,muon
337.083,196.879,total
-87.3531,-12.5822,muon
-87.3531,-12.5822,total
-725.385,-1235.4,muon
-725.385,-1235.4,total
723.112,-1478.09,muon
723.112,-1478.09,total
27.4868,-83.9121,muon
27.4868,-83.9121,total
-247.539,51.5024,muon
-247.539,51.5024,total
-47.8192,23.8905,muon
-47.8192,23.8905,total
-404.092,-78.623,muon
-404.092,-78.623,total
294.816,729.499,muon
294.816,729.499,total
-96.5951,-47.9641,muon
-96.5951,-47.9641,total
115.628,-24.963,muon
115.628,-24.963,total
152.832,133.298,muon
152.832,133.298,total
239.325,24.9965,muon
239.325,24.9965,total
548.946,-9.54665,electron
548.946,-9.54665,total
-314.721,-101.271,muon
-314.721,-101.271,total
-83.1789,-45.7792,muon
-83.1789,-45.7792,total
-351.798,-197.752,muon
-351.798,-197.752,total
24.5388,64.3135,muon
24.5388,64.3135,total
220.814,294.863,muon
220.814,294.863,total
275.95,-400.36,muon
275.95,-400.36,total
97.7025,-25.7275,muon
97.7025,-25.7275,total
10.3859,-44.0493,muon
10.3859,-44.0493,total
-53.9326,-6.26177,muon
-53.9326,-6.26177,total
65.6459,75.8003,muon
65.6459,75.8003,total
-163.784,37.4253,muon
-163.784,37.4253,total
-202.412,42.927,muon
-202.412,42.927,total
244.284,13.6578,muon
244.284,13.6578,total
-75.6764,-105.464,muon
-75.6764,-105.464,total
85.4808,-62.9108,muon
85.4808,-62.9108,total
364.318,11.6566,muon
364.318,11.6566,total
-546.247,-153.333,muon
-546.247,-153.333,total
454.6,-175.634,muon
454.6,-175.634,total
1656.15,17.3596,electron
1656.15,17.3596,total
276.252,368.737,muon
276.252,368.737,total
2033.92,-3164.3,muon
2033.92,-3164.3,total
187.763,82.6703,muon
187.763,82.6703,total
927.032,88.9265,muon
927.032,88.9265,total
884.023,16.7463,muon
884.023,16.7463,total
47.8913,-13.6184,muon
47.8913,-13.6184,total
165.293,-89.175,muon
165.293,-89.175,total
-233.12,42.2939,muon
-233.12,42.2939,total
107.69,-247.715,muon
107.69,-247.715,total
-412.758,18.7668,muon
-412.758,18.7668,total
-173.064,1098.14,muon
-173.064,1098.14,total
-12.262,-31.6801,muon
-12.262,-31.6801,total
-1321.29,484.556,muon
-1321.29,484.556,total
-97.3952,120.999,muon
-97.3952,120.999,total
508.812,70.6125,muon
508.812,70.6125,total
657.764,-30.0564,muon
657.764,-30.0564,total
161.329,-43.8327,muon
161.329,-43.8327,total
151.378,-291.735,muon
151.378,-291.735,total
65.5789,-14.2998,muon
65.5789,-14.2998,total
655.593,100.733,muon
655.593,100.733,total
-106.483,42.9483,muon
-106.483,42.9483,total
-182.213,395.063,electron
-182.213,395.063,total
762.804,460.681,muon
762.804,460.681,total
48.9266,-52.2251,muon
48.9266,-52.2251,total
-875.163,729.492,muon
-875.163,729.492,total
70.4088,49.7019,muon
70.4088,49.7019,total
-170.715,99.9461,muon
-170.715,99.9461,total
4.37393,-53.7621,muon
4.37393,-53.7621,total
92.5685,83.5848,muon
92.5685,83.5848,total
39.0851,-60.1289,muon
39.0851,-60.1289,total
-83.1799,294.204,muon
-83.1799,294.204,total
14.5026,-14.7132,muon
14.5026,-14.7132,total
54.5062,41.6556,muon
54.5062,41.6556,total
318.789,-430.4,muon
318.789,-430.4,total
43.0812,16.0836,muon
43.0812,16.0836,total
299.505,-42.1454,muon
299.505,-42.1454,total
171.962,-171.153,muon
171.962,-171.153,total
638.631,352.236,muon
638.631,352.236,total
176.925,-256.039,muon
176.925,-256.039,total
1889.35,-525.503,muon
1889.35,-525.503,total
26.8396,-69.3681,muon
26.8396,-69.3681,total
80.6732,-16.2278,muon
80.6732,-16.2278,total
-1461.02,-256.648,muon
-1461.02,-256.648,total
-60.6673,156.069,muon
-60.6673,156.069,total
-641.582,435.575,muon
-641.582,435.575,total
-93.8053,41.4,muon
-93.8053,41.4,total
-288.039,218.265,muon
-288.039,218.265,total
-72.3542,3.28474,muon
-72.3542,3.28474,total
-21.8482,69.6057,muon
-21.8482,69.6057,total
-63.9156,10.6786,muon
-63.9156,10.6786,total
-220.592,-56.4484,muon
-220.592,-56.4484,total
-207.606,352.046,muon
-207.606,352.046,total
80.2741,48.6097,muon
80.2741,48.6097,total
-84.0743,57.3674,muon
-84.0743,57.3674,total
25.6289,211.31,muon
25.6289,211.31,total
59.314,-395.1,muon
59.314,-395.1,total
125.796,180.523,muon
125.796,180.523,total
-117.785,-68.7513,muon
-117.785,-68.7513,total
65.9508,5.50577,muon
65.9508,5.50577,total
90.4008,267.791,muon
90.4008,267.791,total
154.286,-54.916,muon
154.286,-54.916,total
3552.7,-2836.04,muon
3552.7,-2836.04,total
-136.495,-233.66,muon
-136.495,-233.66,total
322.16,2244.48,muon
322.16,2244.48,total
190.295,24.4801,muon
190.295,24.4801,total
-392.067,19.1667,muon
-392.067,19.1667,total
177.272,5.84143,muon
177.272,5.84143,total
-91.3235,-48.3996,muon
-91.3235,-48.3996,total
-569.899,113.499,muon
-569.899,113.499,total
1136.22,87.4074,muon
1136.22,87.4074,total
56.3067,-57.1416,muon
56.3067,-57.1416,total
-57.2026,-55.0991,muon
-57.2026,-55.0991,total
-95.4074,-30.3721,muon
-95.4074,-30.3721,total
-27.6264,11.5735,muon
-27.6264,11.5735,total
505.915,-730.022,muon
505.915,-730.022,total
374.531,-14.7682,muon
374.531,-14.7682,total
64.362,-39.8711,muon
64.362,-39.8711,total
-69.8949,-127.236,muon
-69.8949,-127.236,total
-239.153,121.78,muon
-239.153,121.78,total
-1598.5,533.534,muon
-1598.5,533.534,total
321.811,-48.8181,muon
321.811,-48.8181,total
125.531,-12.006,muon
125.531,-12.006,total
-14.1413,-58.6553,muon
-14.1413,-58.6553,total
-109.855,-58.044,muon
-109.855,-58.044,total
55.2514,-0.307847,muon
55.2514,-0.307847,total
46.9005,10.6634,muon
46.9005,10.6634,total
220.021,13.0698,muon
220.021,13.0698,total
1795.89,-2697.8,muon
1795.89,-2697.8,total
-716.412,-565.013,muon
-716.412,-565.013,total
502.581,75.2987,muon
502.581,75.2987,total
-94.1375,-75.4068,muon
-94.1375,-75.4068,total
-926.711,53.2274,muon
-926.711,53.2274,total
-127.103,-14.6452,muon
-127.103,-14.6452,total
-75.9328,62.6351,muon
-75.9328,62.6351,total
-1046.75,-952.697,muon
-1046.75,-952.697,total
74.4414,22.3613,muon
74.4414,22.3613,total
-282.529,-2.28026,muon
-282.529,-2.28026,total
12.4874,-50.24,muon
12.4874,-50.24,total
-92.2177,19.603,muon
-92.2177,19.603,total
-832.468,112.008,muon
-832.468,112.008,total
41.7779,-84.5384,muon
41.7779,-84.5384,total
216.47,108.561,muon
216.47,108.561,total
276.758,-106.895,electron
276.758,-106.895,total
139.249,-850.435,muon
139.249,-850.435,total
951.671,-210.619,muon
951.671,-210.619,total
-71.7746,-53.3516,muon
-71.7746,-53.3516,total
-61.5294,-130.336,muon
-61.5294,-130.336,total
-58.5766,19.9969,muon
-58.5766,19.9969,total
81.1935,-399.163,muon
81.1935,-399.163,total
661.275,-22.5111,muon
661.275,-22.5111,total
-168.122,-51.2164,muon
-168.122,-51.2164,total
10.4347,-49.863,muon
10.4347,-49.863,total
-75.0513,40.828,muon
-75.0513,40.828,total
-594.891,-643.715,muon
-594.891,-643.715,total
45.6041,26.7365,muon
45.6041,26.7365,total
-67.239,49.7946,muon
-67.239,49.7946,total
-64.0958,-7.69669,muon
-64.0958,-7.69669,total
-278.913,94.8827,electron
-278.913,94.8827,total
1549.33,105.447,muon
1549.33,105.447,total
202.995,178.224,muon
202.995,178.224,total
51.7233,3.54571,muon
51.7233,3.54571,total
1096.8,-841.92,muon
1096.8,-841.92,total
502.433,-140.21,muon
502.433,-140.21,total
12.6635,-163.281,muon
12.6635,-163.281,total
-774.554,207.097,muon
-774.554,207.097,total
867.384,-174.023,muon
867.384,-174.023,total
82.2861,75.0242,muon
82.2861,75.0242,total
-152.97,-133.858,muon
-152.97,-133.858,total
-743.878,10.5353,muon
-743.878,10.5353,total
-587.31,-212.66,muon
-587.31,-212.66,total
994.015,519.214,muon
994.015,519.214,total
-124.045,419.695,muon
-124.045,419.695,total
4.80852,48.79,muon
4.80852,48.79,total
1717.68,-1261.2,muon
1717.68,-1261.2,total
-144.767,-7.76465,muon
-144.767,-7.76465,total
-14.9396,-73.2722,muon
-14.9396,-73.2722,total
-61.8778,-27.7055,muon
-61.8778,-27.7055,total
-179.567,31.2995,muon
-179.567,31.2995,total
-106.263,-157.355,muon
-106.263,-157.355,total
-66.3922,-110.579,muon
-66.3922,-110.579,total
-504.419,79.4939,muon
-504.419,79.4939,total
472.876,-209.091,muon
472.876,-209.091,total
74.5083,96.3952,muon
74.5083,96.3952,total
55.6126,50.7164,muon
55.6126,50.7164,total
-36.8229,9.94605,muon
-36.8229,9.94605,total
322.479,-73.3717,muon
322.479,-73.3717,total
114.806,-7.03058,muon
114.806,-7.03058,total
-49.814,18.8948,muon
-49.814,18.8948,total
-262.782,-99.3677,muon
-262.782,-99.3677,total
-78.9687,73.7667,muon
-78.9687,73.7667,total
-216.823,159.419,muon
-216.823,159.419,total
220.152,186.972,muon
220.152,186.972,total
-112.333,45.7348,muon
-112.333,45.7348,total
2364.13,315.979,muon
2364.13,315.979,total
-392.52,-40.2323,muon
-392.52,-40.2323,total
98.9641,-29.7261,muon
98.9641,-29.7261,total
101.578,-77.8193,muon
101.578,-77.8193,total
53.2108,-371.174,muon
53.2108,-371.174,total
398.952,9.92948,muon
398.952,9.92948,total
-46.1726,-473.273,muon
-46.1726,-473.273,total
-106.549,29.0929,muon
-106.549,29.0929,total
76.8657,60.7333,muon
76.8657,60.7333,total
-826.999,346.073,muon
-826.999,346.073,total
25.7227,53.9822,muon
25.7227,53.9822,total
111.122,-30.627,muon
111.122,-30.627,total
42.2357,402.917,muon
42.2357,402.917,total
18.9614,196.117,muon
18.9614,196.117,total
-155.961,324.842,muon
-155.961,324.842,total
245.68,121.914,muon
245.68,121.914,total
46.2577,249.129,muon
46.2577,249.129,total
-215.423,75.9651,muon
-215.423,75.9651,total
-640.046,94.8741,muon
-640.046,94.8741,total
-643.657,-1.03196,muon
-643.657,-1.03196,total
-299.051,-96.3495,muon
-299.051,-96.3495,total
1029.99,-293.006,muon
1029.99,-293.006,total
-248.23,-126.574,muon
-248.23,-126.574,total
601.327,-220.278,muon
601.327,-220.278,total
78.8242,16.5467,muon
78.8242,16.5467,total
-31.8734,104.926,muon
-31.8734,104.926,total
-27.9763,-59.8033,muon
-27.9763,-59.8033,total
238.796,36.4103,muon
238.796,36.4103,total
-1297.33,1932.43,muon
-1297.33,1932.43,total
-243.765,-10.3463,muon
-243.765,-10.3463,total
-95.719,51.7312,muon
-95.719,51.7312,total
-227.943,-27.142,muon
-227.943,-27.142,total
1174.45,-1356.91,muon
1174.45,-1356.91,total
-789.517,1076.53,muon
-789.517,1076.53,total
70.9306,-126.412,muon
70.9306,-126.412,total
-157.453,239.402,muon
-157.453,239.402,total
-1262.4,1088.01,muon
-1262.4,1088.01,total
47.1282,-3.90398,muon
47.1282,-3.90398,total
50.173,-219.707,muon
50.173,-219.707,total
-142.17,14.484,muon
-142.17,14.484,total
38.8073,-20.1827,muon
38.8073,-20.1827,total
-61.415,16.4577,muon
-61.415,16.4577,total
-606.582,36.2125,muon
-606.582,36.2125,total
-1100.24,-535.731,muon
-1100.24,-535.731,total
-48.1588,-35.8031,muon
-48.1588,-35.8031,total
-56.6683,-63.1486,muon
-56.6683,-63.1486,total
128.903,-15.9311,muon
128.903,-15.9311,total
-80.0166,-293.217,muon
-80.0166,-293.217,total
251.186,83.35,muon
251.186,83.35,total
33.7361,-13.9407,nucleus
33.7361,-13.9407,total
-139.488,-27.8792,muon
-139.488,-27.8792,total
188.61,56.128,muon
188.61,56.128,total
-787.028,-279.781,muon
-787.028,-279.781,total
-105.96,-70.6781,muon
-105.96,-70.6781,total
113.963,174.203,muon
113.963,174.203,total
-1086.22,823.038,muon
-1086.22,823.038,total
-730.212,-69.3216,muon
-730.212,-69.3216,total
-59.6055,27.032,muon
-59.6055,27.032,total
-1395.36,-1397.65,muon
-1395.36,-1397.65,total
228.616,-152.545,muon
228.616,-152.545,total
1895.4,-274.853,electron
1895.4,-274.853,total
-9.75041,-53.6218,muon
-9.75041,-53.6218,total
-70.8263,-7.74461,muon
-70.8263,-7.74461,total
41.6315,499.56,muon
41.6315,499.56,total
-90.4197,-92.9485,muon
-90.4197,-92.9485,total
379.236,-226.64,muon
379.236,-226.64,total
1070.91,-107.54,muon
1070.91,-107.54,total
148.3,-43.3804,muon
148.3,-43.3804,total
-1200.61,-83.3384,muon
-1200.61,-83.3384,total
-96.4887,72.8678,muon
-96.4887,72.8678,total
26.7587,-452.65,muon
26.7587,-452.65,total
4187.12,-868.551,muon
4187.12,-868.551,total
44.6048,6.55525,muon
44.6048,6.55525,total
-4210.75,-1158.18,muon
-4210.75,-1158.18,total
159.778,-33.5934,muon
159.778,-33.5934,total
166.514,-658.451,muon
166.514,-658.451,total
342.72,-77.7199,muon
342.72,-77.7199,total
-43.6984,-17.2498,muon
-43.6984,-17.2498,total
48.1756,-21.1224,muon
48.1756,-21.1224,total
271.894,-198.41,muon
271.894,-198.41,total
282.936,-176.668,muon
282.936,-176.668,total
149.859,9.16123,muon
149.859,9.16123,total
-126.28,-64.96,muon
-126.28,-64.96,total
118.657,173.458,muon
118.657,173.458,total
-605.955,348.935,muon
-605.955,348.935,total
-135.117,0.443328,muon
-135.117,0.443328,total
-345.653,-175.468,electron
-345.653,-175.468,total
28.091,-90.2429,muon
28.091,-90.2429,total
-87.7401,164.091,muon
-87.7401,164.091,total
-314.734,272.543,muon
-314.734,272.543,total
-989.94,-156.623,muon
-989.94,-156.623,total
181.281,71.5599,muon
181.281,71.5599,total
185.555,-501.656,muon
185.555,-501.656,total
-491.656,44.4556,electron
-491.656,44.4556,total
50.727,22.9809,muon
50.727,22.9809,total
1037.41,-580.041,muon
1037.41,-580.041,total
-1895.66,884.768,muon
-1895.66,884.768,total
101.577,-20.8515,muon
101.577,-20.8515,total
-70.7634,-25.5336,muon
-70.7634,-25.5336,total
69.169,70.3838,muon
69.169,70.3838,total
-564.382,-355.479,muon
-564.382,-355.479,total
34.035,709.186,muon
34.035,709.186,total
1691.51,477.079,muon
1691.51,477.079,total
-49.3506,207.048,muon
-49.3506,207.048,total
-34.4633,-42.9474,muon
-34.4633,-42.9474,total
-1472.07,761.036,muon
-1472.07,761.036,total
8.10545,-109.946,muon
8.10545,-109.946,total
-784.42,-30.6049,muon
-784.42,-30.6049,total
-78.8536,-64.562,muon
-78.8536,-64.562,total
218.471,-103.073,muon
218.471,-103.073,total
-238.235,181.388,muon
-238.235,181.388,total
-39.4494,-15.5435,muon
-39.4494,-15.5435,total
280.165,-150.995,muon
280.165,-150.995,total
137.119,184.98,muon
137.119,184.98,total
-42.6466,10.3601,muon
-42.6466,10.3601,total
-70.772,49.8558,muon
-70.772,49.8558,total
268.709,-71.57,muon
268.709,-71.57,total
189.182,32.8015,muon
189.182,32.8015,total
188.612,-2.05861,electron
188.612,-2.05861,total
-104.723,20.0521,muon
-104.723,20.0521,total
1779.11,-344.997,muon
1779.11,-344.997,total
-34.8982,7.74357,muon
-34.8982,7.74357,total
47.4602,16.6333,muon
47.4602,16.6333,total
266.637,-138.912,muon
266.637,-138.912,total
-230.13,133.962,muon
-230.13,133.962,total
410.909,-348.373,muon
410.909,-348.373,total
1267.35,-408.041,muon
1267.35,-408.041,total
307.416,-1018.06,muon
307.416,-1018.06,total
-148.421,-35.5551,muon
-148.421,-35.5551,total
1098.61,-235.528,muon
1098.61,-235.528,total
-28.8417,136.946,muon
-28.8417,136.946,total
404.72,-211.638,muon
404.72,-211.638,total
-15.5204,124.768,muon
-15.5204,124.768,total
-35.4279,-4.51357,muon
-35.4279,-4.51357,total
842.987,-43.8176,muon
842.987,-43.8176,total
-753.71,-87.4325,muon
-753.71,-87.4325,total
-66.8369,-31.3687,muon
-66.8369,-31.3687,total
-126.686,137.285,muon
-126.686,137.285,total
-974.641,-469.404,muon
-974.641,-469.404,total
370.369,273.297,muon
370.369,273.297,total
129.951,44.2644,muon
129.951,44.2644,total
155.504,-37.811,muon
155.504,-37.811,total
1170.16,-534.035,muon
1170.16,-534.035,total
-141.169,55.7666,muon
-141.169,55.7666,total
-173.399,118.353,muon
-173.399,118.353,total
153.453,76.3566,muon
153.453,76.3566,total
-188.086,-152.457,muon
-188.086,-152.457,total
81.3532,-20.0783,muon
81.3532,-20.0783,total
-202.282,-32.7377,muon
-202.282,-32.7377,total
2137.98,956.718,electron
2137.98,956.718,total
-9.21363,-443.773,muon
-9.21363,-443.773,total
3.04728,-29.9596,muon
3.04728,-29.9596,total
904.371,-92.9816,muon
904.371,-92.9816,total
-805.5,-9.51403,muon
-805.5,-9.51403,total
-14.1938,256.589,muon
-14.1938,256.589,total
-76.3058,-627.519,muon
-76.3058,-627.519,total
-627.732,62.4145,muon
-627.732,62.4145,total
-85.4339,450.93,muon
-85.4339,450.93,total
-353.751,67.43,muon
-353.751,67.43,total
348.014,109.402,muon
348.014,109.402,total
-511.334,-321.243,muon
-511.334,-321.243,total
78.8915,57.7858,muon
78.8915,57.7858,total
-70.5802,-51.4968,muon
-70.5802,-51.4968,total
-20.2113,-121.452,muon
-20.2113,-121.452,total
296.734,-157.242,muon
296.734,-157.242,total
495.383,21.1935,muon
495.383,21.1935,total
-80.7183,-100.191,muon
-80.7183,-100.191,total
23.6491,-6.86112,muon
23.6491,-6.86112,total
-106.421,62.415,muon
-106.421,62.415,total
-117.334,94.6047,muon
-117.334,94.6047,total
-128.903,44.9506,muon
-128.903,44.9506,total
262.163,0.546018,muon
262.163,0.546018,total
0.0842754,-189.103,muon
0.0842754,-189.103,total
206.51,49.7342,muon
206.51,49.7342,total
610.763,185.267,muon
610.763,185.267,total
-61.751,-510.433,muon
-61.751,-510.433,total
775.486,105.598,electron
775.486,105.598,total
-69.4817,24.9315,muon
-69.4817,24.9315,total
-63.9865,-348.329,muon
-63.9865,-348.329,total
-144.028,87.8969,muon
-144.028,87.8969,total
1214.05,218.273,muon
1214.05,218.273,total
-44.5997,17.3193,muon
-44.5997,17.3193,total
225.262,62.8291,muon
225.262,62.8291,total
53.0523,-132.392,muon
53.0523,-132.392,total
25.1074,234.304,muon
25.1074,234.304,total
121.556,-16.4767,muon
121.556,-16.4767,total
2216.78,2198.94,muon
2216.78,2198.94,total
1336.71,138.476,muon
1336.71,138.476,total
460.88,-152.145,muon
460.88,-152.145,total
-551.113,168.809,muon
-551.113,168.809,total
164.093,-904.619,muon
164.093,-904.619,total
66.0359,-56.0987,muon
66.0359,-56.0987,total
-84.894,8.08108,muon
-84.894,8.08108,total
-49.4141,-28.8905,muon
-49.4141,-28.8905,total
77.6418,-154.419,electron
77.6418,-154.419,total
76.5447,-16.0584,muon
76.5447,-16.0584,total
-107.008,-23.4897,muon
-107.008,-23.4897,total
388.214,-742.671,muon
388.214,-742.671,total
1119.64,496.511,muon
1119.64,496.511,total
-35.2809,788.16,muon
-35.2809,788.16,total
-81.9837,33.3802,muon
-81.9837,33.3802,total
975.664,-740.679,muon
975.664,-740.679,total
-8.13781,-77.3573,muon
-8.13781,-77.3573,total
-48.7685,45.3115,muon
-48.7685,45.3115,total
68.2303,-221.508,muon
68.2303,-221.508,total
-257.502,-9.78202,muon
-257.502,-9.78202,total
-37.5155,81.7096,muon
-37.5155,81.7096,total
297.249,-140.055,muon
297.249,-140.055,total
-322.586,37.553,muon
-322.586,37.553,total
-94.1358,-13.6648,muon
-94.1358,-13.6648,total
84.2288,-195.525,muon
84.2288,-195.525,total
-62.1196,-0.457188,muon
-62.1196,-0.457188,total
759.816,-507.21,muon
759.816,-507.21,total
50.2076,-36.1385,muon
50.2076,-36.1385,total
45.0367,-74.1971,muon
45.0367,-74.1971,total
1931.96,-1164.34,electron
1931.96,-1164.34,total
74.1247,209.403,muon
74.1247,209.403,total
106.098,-26.2751,muon
106.098,-26.2751,total
-339.309,-121.426,muon
-339.309,-121.426,total
102.676,-18.4209,muon
102.676,-18.4209,total
127.902,-60.1245,muon
127.902,-60.1245,total
84.7547,36.734,muon
84.7547,36.734,total
-424.497,-169.497,muon
-424.497,-169.497,total
-229.761,-56.9866,muon
-229.761,-56.9866,total
-288.801,-46.7019,muon
-288.801,-46.7019,total
811.469,-533.917,muon
811.469,-533.917,total
-507.271,-42.6555,muon
-507.271,-42.6555,total
316.131,-95.2212,muon
316.131,-95.2212,total
-189.108,34.193,muon
-189.108,34.193,total
45.8734,70.7287,muon
45.8734,70.7287,total
-128.848,5.13364,muon
-128.848,5.13364,total
158.33,16.5866,muon
158.33,16.5866,total
1351.09,904.084,muon
1351.09,904.084,total
224.934,-121.656,muon
224.934,-121.656,total
-340.38,14.3372,muon
-340.38,14.3372,total
-298.856,-4.92778,muon
-298.856,-4.92778,total
503.744,-172.755,muon
503.744,-172.755,total
361.186,216.515,muon
361.186,216.515,total
161.139,96.2051,muon
161.139,96.2051,total
-92.5518,-47.473,muon
-92.5518,-47.473,total
-561.066,-92.6375,muon
-561.066,-92.6375,total
905.941,-25.454,muon
905.941,-25.454,total
199.87,54.0625,muon
199.87,54.0625,total
263.107,83.0958,muon
263.107,83.0958,total
514.089,-362.892,muon
514.089,-362.892,total
-167.124,-387.129,muon
-167.124,-387.129,total
-232.438,48.6821,muon
-232.438,48.6821,total
-71.233,-175.273,nucleus
-71.233,-175.273,total
39.6569,34.9688,muon
39.6569,34.9688,total
-1595.02,-90.0821,muon
-1595.02,-90.0821,total
37.4488,-31.5087,muon
37.4488,-31.5087,total
-260.741,-143.529,muon
-260.741,-143.529,total
-838.094,729.539,muon
-838.094,729.539,total
-779.541,-289.615,muon
-779.541,-289.615,total
-19.7263,-59.5698,muon
-19.7263,-59.5698,total
-86.9121,9.93175,muon
-86.9121,9.93175,total
-55.2935,73.6986,muon
-55.2935,73.6986,total
-170.815,46.8844,muon
-170.815,46.8844,total
-56.8682,140.121,muon
-56.8682,140.121,total
300.161,-85.927,muon
300.161,-85.927,total
-722.383,-190.073,muon
-722.383,-190.073,total
-243.636,200.086,muon
-243.636,200.086,total
217.361,93.105,muon
217.361,93.105,total
-269.621,-10.8926,muon
-269.621,-10.8926,total
-119.657,-10.1656,muon
-119.657,-10.1656,total
-48.8998,10.0007,muon
-48.8998,10.0007,total
1711.62,-204.528,muon
1711.62,-204.528,total
-76.5454,-601.402,muon
-76.5454,-601.402,total
11.0481,-58.3363,muon
11.0481,-58.3363,total
173.773,78.1262,muon
173.773,78.1262,total
41.743,-35.2321,muon
41.743,-35.2321,total
316.326,-5.13703,muon
316.326,-5.13703,total
-416.219,-164.794,muon
-416.219,-164.794,total
-109.915,-0.902041,muon
-109.915,-0.902041,total
990.671,-547.339,muon
990.671,-547.339,total
48.1731,-7.47499,muon
48.1731,-7.47499,total
133.164,34.1663,muon
133.164,34.1663,total
-169.996,19.2428,muon
-169.996,19.2428,total
69.1978,-45.1415,muon
69.1978,-45.1415,total
-163.205,7.46303,muon
-163.205,7.46303,total
4.49818,71.5738,muon
4.49818,71.5738,total
-55.1907,-156.523,electron
-55.1907,-156.523,total
-2465.79,1485.12,muon
-2465.79,1485.12,total
188.58,-50.4794,muon
188.58,-50.4794,total
-525.483,-910.048,muon
-525.483,-910.048,total
-53.0454,62.1033,muon
-53.0454,62.1033,total
-277.146,74.2989,muon
-277.146,74.2989,total
-633.268,167.258,muon
-633.268,167.258,total
241.647,-76.2702,muon
241.647,-76.2702,total
739.837,-116.135,muon
739.837,-116.135,total
-388.552,-18.8757,muon
-388.552,-18.8757,total
463.633,49.2493,electron
463.633,49.2493,total
1112.32,-337.916,muon
1112.32,-337.916,total
-287.293,217.456,muon
-287.293,217.456,total
942.484,-1465.4,muon
942.484,-1465.4,total
-47.0309,-604.274,muon
-47.0309,-604.274,total
783.949,51.872,muon
783.949,51.872,total
-190.069,-12.7296,muon
-190.069,-12.7296,total
70.8313,-31.4392,muon
70.8313,-31.4392,total
767.495,61.8054,muon
767.495,61.8054,total
-926.016,50.9071,muon
-926.016,50.9071,total
-26.5335,69.2569,muon
-26.5335,69.2569,total
-7.9835,191.178,muon
-7.9835,191.178,total
-427.691,-219.878,muon
-427.691,-219.878,total
444.398,-80.6033,muon
444.398,-80.6033,total
1726.36,423.595,muon
1726.36,423.595,total
-40.7565,7.98121,muon
-40.7565,7.98121,total
56.7827,9.26289,muon
56.7827,9.26289,total
-843.892,391.862,muon
-843.892,391.862,total
-241.85,-8.10135,muon
-241.85,-8.10135,total
707.193,-158.948,muon
707.193,-158.948,total
-471.138,588.219,muon
-471.138,588.219,total
67.2991,-15.5759,muon
67.2991,-15.5759,total
-83.8675,-349.332,muon
-83.8675,-349.332,total
374.703,29.8461,muon
374.703,29.8461,total
-1532.03,271.117,muon
-1532.03,271.117,total
-142.776,-53.6667,muon
-142.776,-53.6667,total
-564.862,-129.906,muon
-564.862,-129.906,total
56.5714,-129.869,muon
56.5714,-129.869,total
265.23,26.0801,muon
265.23,26.0801,total
-27.719,32.2585,muon
-27.719,32.2585,total
1028.73,-464.674,muon
1028.73,-464.674,total
-97.1561,587.058,muon
-97.1561,587.058,total
-164.937,-1.04323,muon
-164.937,-1.04323,total
75.5812,-12.4538,muon
75.5812,-12.4538,total
-6.80352,-61.9644,muon
-6.80352,-61.9644,total
-816.08,919.41,muon
-816.08,919.41,total
617.902,-95.3787,muon
617.902,-95.3787,total
-72.8101,52.5476,muon
-72.8101,52.5476,total
-32.6516,38.6617,muon
-32.6516,38.6617,total
-2257.99,69.3153,muon
-2257.99,69.3153,total
314.706,-168.563,muon
314.706,-168.563,total
77.869,20.7231,muon
77.869,20.7231,total
146.243,113.934,muon
146.243,113.934,total
-964.015,-291.285,muon
-964.015,-291.285,total
11.9952,197.978,muon
11.9952,197.978,total
-1820.86,1221.67,muon
-1820.86,1221.67,total
289.208,121.484,muon
289.208,121.484,total
44.7528,-239.867,muon
44.7528,-239.867,total
40.9048,4.07829,muon
40.9048,4.07829,total
49.6996,-7.05203,muon
49.6996,-7.05203,total
44.2032,389.802,muon
44.2032,389.802,total
-125.02,15.2317,muon
-125.02,15.2317,total
-129.895,17.6186,muon
-129.895,17.6186,total
-267.089,-20.5064,muon
-267.089,-20.5064,total
137.92,-1337.72,muon
137.92,-1337.72,total
17.181,5.38481,muon
17.181,5.38481,total
293.66,-76.5023,muon
293.66,-76.5023,total
112.25,65.2112,muon
112.25,65.2112,total
179.634,-37.3144,muon
179.634,-37.3144,total
-5170.35,-698.983,muon
-5170.35,-698.983,total
409.348,326.636,muon
409.348,326.636,total
-181.199,29.124,muon
-181.199,29.124,total
-290.456,34.8807,muon
-290.456,34.8807,total
163.966,21.3427,muon
163.966,21.3427,total
-308.092,-540.169,muon
-308.092,-540.169,total
-288.1,657.659,muon
-288.1,657.659,total
37.4691,6.15258,muon
37.4691,6.15258,total
432.549,-73.2335,muon
432.549,-73.2335,total
40.7238,-97.147,muon
40.7238,-97.147,total
32.3911,-49.858,muon
32.3911,-49.858,total
52.1691,17.9481,muon
52.1691,17.9481,total
223.102,-15.089,muon
223.102,-15.089,total
-1164.2,-713.672,muon
-1164.2,-713.672,total
595.808,445.981,muon
595.808,445.981,total
57.8912,28.2672,muon
57.8912,28.2672,total
-55.9843,-1.06008,muon
-55.9843,-1.06008,total
-164.617,-54.0396,muon
-164.617,-54.0396,total
-2091.25,-211.863,muon
-2091.25,-211.863,total
267.519,-598.74,muon
267.519,-598.74,total
443.923,52.4977,muon
443.923,52.4977,total
-5.07241,-41.8263,muon
-5.07241,-41.8263,total
49.8143,21.7412,muon
49.8143,21.7412,total
-354.564,204.172,muon
-354.564,204.172,total
-2.04746,-179.959,muon
-2.04746,-179.959,total
-185.707,384.822,muon
-185.707,384.822,total
-94.3031,-76.1393,muon
-94.3031,-76.1393,total
2464.97,97.0441,muon
2464.97,97.0441,total
64.0995,62.6671,muon
64.0995,62.6671,total
1447.08,-281.615,muon
1447.08,-281.615,total
117.093,-148.53,muon
117.093,-148.53,total
163.097,-79.6818,muon
163.097,-79.6818,total
-1120.42,-141.964,muon
-1120.42,-141.964,total
-74.0219,25.1158,muon
-74.0219,25.1158,total
-296.687,-237.487,muon
-296.687,-237.487,total
-91.838,-3.79595,muon
-91.838,-3.79595,total
398.079,-60.348,muon
398.079,-60.348,total
-237.368,-4.77198,muon
-237.368,-4.77198,total
-150.444,31.4301,muon
-150.444,31.4301,total
103.605,-253.225,electron
103.605,-253.225,total
-442.116,948.63,muon
-442.116,948.63,total
-684.166,620.14,muon
-684.166,620.14,total
362.561,-48.3721,muon
362.561,-48.3721,total
-42.6249,9.54094,muon
-42.6249,9.54094,total
2349.78,6.63995,muon
2349.78,6.63995,total
3842.85,-1759.68,muon
3842.85,-1759.68,total
-580.632,-307.805,muon
-580.632,-307.805,total
-321.704,-15.4331,muon
-321.704,-15.4331,total
-821.842,309.299,muon
-821.842,309.299,total
-134.036,105.346,muon
-134.036,105.346,total
10.2656,107.77,muon
10.2656,107.77,total
99.6812,-35.1355,muon
99.6812,-35.1355,total
-1314.57,-176.825,muon
-1314.57,-176.825,total
4424.88,-1805.84,muon
4424.88,-1805.84,total
-600.428,1087.26,muon
-600.428,1087.26,total
-333.958,147.976,muon
-333.958,147.976,total
28.8965,4.43304,muon
28.8965,4.43304,total
-934.234,-415.962,muon
-934.234,-415.962,total
192.512,-77.8473,muon
192.512,-77.8473,total
257.842,72.0297,muon
257.842,72.0297,total
-78.0999,-12.5422,muon
-78.0999,-12.5422,total
1474.61,-119.753,muon
1474.61,-119.753,total
34.4082,51.5506,muon
34.4082,51.5506,total
646.761,644.416,muon
646.761,644.416,total
